titulo;descricao;preco
NIKE;Tênis Nike Revolution 7 Masculino;R$299,9925% OFF
TRYD;Tênis Para Treino Academia Caminhada Corrida Tryd 5400 Leve;R$71,9928% OFF
OLYMPIKUS;Olympikus Treino Proof 3 Masculino Adultos;R$179,9910% OFF
PUMA;Tênis Flyer Runner Mesh Bdp Puma;R$199,9039% OFF
NIKE;Tênis Nike Revolution 7 Masculino;R$299,9925% OFF
FILA;Fila Recovery Masculino Adultos;R$330,2110% OFF
UNDER ARMOUR;Under Armour Pacer Masculino Adultos;R$230,6848% OFF
UNDER ARMOUR;Tênis Masculino Charged Great Under Armour;R$238,9920% OFF
UNDER ARMOUR;Tênis Masculino E Feminino Charged Slight 3 Under Armour;R$286,9920% OFF
OLYMPIKUS;Tênis Olympikus Volcan 2 Masculino Novo;R$168,9915% OFF
TRYD;Tênis Para Treino Academia Caminhada Corrida Tryd 5400 Leve;R$71,9928% OFF
;Tênis De Corrida Multicoloridos Onitsuka Tiger Mexico 66;R$264,96
OLYMPIKUS;Olympikus Treino Dynamic Masculino Adultos;R$209,9940% OFF
OLYMPIKUS;Tênis Olympikus Proof 3 Masculino Original;R$165,9917% OFF
OLYMPIKUS;Tênis Masculino E Feminino Dynamic Olympikus Super Novo;R$236,9915% OFF
;Tênis Masculino Olymp Olimp Space Caminhada Barato Promoção;R$71,0110% OFF
OLYMPIKUS;Tênis Esportivo Masculino E Feminino Proof 3 Olympikus;R$168,9915% OFF
FILA;Fila KR6 Masculino Adultos;R$284,9225% OFF
;Tenis Sport Titanium  Original - Esportivo;R$59,1725% OFF
NIKE;Tênis Nike Flex Experience Run 12 Masculino;R$279,9920% OFF
RAINHA;Tênis Rainha Vl 2500 Futsal Vôlei Academia Capoeira Corrida;R$78,90
;Tenis Casual Knu Skool Black White Preto E Branco Lançamento;R$160,7440% OFF
NEW BALANCE;New Balance Fresh Foam X 1080 V12 Masculino Adultos;R$749,9225% OFF
OLYMPIKUS;Olympikus Casual Index 3 Masculino Adultos 43611218_1-004;R$146
OUSY SHOES;Kit Tênis Masculino Caminhada 3 Pares Easy Confortável Combo;R$149,1535% OFF
DM DAMANDO;Tenis Masculino Confortavel/academia/crossfit + Relógio;R$745% OFF
;Kit Combo 2 Tenis Masculino Academia Caminhada Corrida Top;R$152,9110% OFF
OLYMPIKUS;Olympikus Diffuse 5 Masculino Adultos;R$264,99
LYND;Tênis Masculino Corrida Academia Caminhada Lynd- Grid 321;R$179,9110% OFF
OLYMPIKUS;Tênis Masculino Versa Com Sola Caixa Olympikus;R$206,9920% OFF
VANS;Tênis Masculino Vans Old Skool Original Skate Conforto;R$161,9440% OFF
DIX;Tênis Para Academia Masculino Malhar Corrida Promoção;R$62,9120% OFF
OLYMPIKUS;Olympikus Casual Jogging 100 Sem gênero Adultos OBTN068_1-012;R$172,4925% OFF
;Tenis Masculino Olimp Kit 02 Pares Academia Promoção Oferta;R$135,755% OFF
OLYMPIKUS;Tenis Masculino Olympikus Beats Supporter Evasense - Oficial;R$283,3825% OFF
OUSY SHOES;Kit 3 Tênis Caminhada Training Leve Masculino ;R$179,3222% OFF
OLYMPIKUS;Tênis De Corrida Masculino Olympikus Voa Original;R$239,9225% OFF
OLYMPIKUS;Olympikus Zex Masculino Adultos;R$194,9915% OFF
;Tênis Bolsonaro Masculino Feminino Patriota Style Super Leve;R$179,90
;Tênis Cross Tryd 5400 Academia Caminhada Confortável Leve;R$68,9931% OFF
;Sapatilha Aquática Unissex Rio Pesca Praia Neoprene Flexível;R$61,5422% OFF
;Tenis Sapatilha Bike Pesca Corrida Academia Neoprene Confort;R$53
OLYMPIKUS;Olympikus 24/7 Lap Masculino Adultos 43769946;R$142,405% OFF
OLYMPIKUS;Olympikus Eros Masculino Adultos;R$174
;Tenis Menino Infantil Ad Escolar Esportivo Merks ;R$57,90
VILI;Tênis Masculino Academia Caminhada Vili Barato Leve Corrida;R$109,90
NEW BALANCE;New Balance 500 V2 Masculino Adultos;R$284,9925% OFF
;Tenis Sport Titanium 277  Original - Esportivo;R$59,1725% OFF
PLAZA;Kit 2 Pares Tênis Casual Esportivo Masculino Relogio Digital;R$149,90
BOX200;Tênis Masculino Tamanho Especial Esporte Caminhada Box 200;R$76,4115% OFF
